999 9143,08
999 9347,52
999 9145,53
999 8669,69
999 8688,9
999 9712,8
999 9011,36
999 9575,32
999 8503,86
999 9219,05
999 9161,92
999 8762,23
999 8951,98
999 8787,75
999 8764,32
999 8517
999 8308,61
999 8891,16
999 8806,97
999 8931,9
999 9068,35
999 9143,04
999 8754,11
999 9366,1
999 8223,69
999 9480,25
999 8713,17
999 9399,25
999 9064,91
999 9392,16
999 8552,85
999 9673
999 9943,08
999 9224,89
999 8434,09
999 8836,82
999 8645,97
999 9417,19
999 9115,56
999 8774,93
999 9447,93
999 9567,42
999 8737,56
999 8985,16
999 8203,38
999 8848,01
999 8222,24
999 9333,05
999 9613,39
999 9107,49
